sample,sample1,sample01,sample001
sift,0.735021,0.173269,0.080001
gist,1.25091,0.277621,0.115071
nytimes,0.11766,0.056194,0.0330145
glove200,0.331356,0.133757,0.0850176
