m,pre_time,knn_time,degree,index_time,refine_time,beam,search_time,QPS,recall,boundary_num
1,0.0538009,3.34838,32,0.450294,0.445601,50,0.005061,1976009.500000,0.887781,0
2,0.0408461,2.50086,32,0.456303,0.4743,50,0.005581,1791868.125000,0.954966,1583
5,0.0607317,1.95626,32,0.490696,0.445406,50,0.005633,1775174.875000,0.948805,154940
10,0.0749803,1.77113,32,0.519902,0.414246,50,0.005620,1779450.750000,0.944725,248679
15,0.0498576,1.95001,32,0.543338,0.40621,50,0.005661,1766574.625000,0.943033,294590
20,0.0687362,2.12603,32,0.546402,0.401254,50,0.005639,1773311.250000,0.941594,316162
