knn_time,index_time,search_time,QPS,recall
62.0509,97.7672,1.531271,6530.521997,0.952580
