knn_time,index_time,search_time,QPS,recall
68.8435,197.152,6.993530,1428.606117,0.903163
