knn_time,index_time,search_time,QPS,recall
523.795,907.441,1.622531,616.321138,0.915600
