knn_time,index_time,search_time,QPS,recall
394.929,496.283,10.714930,933.277238,0.852320
