knn_time,index_time,search_time,QPS,recall
926.754,3362.47,4.193408,2384.695400,0.952800
