knn_time,index_time,search_time,QPS,recall
52.0032,89.7291,1.493066,6697.625978,0.94822
